Album,filename
Pre wedding,SUR_8634.jpg
Pre wedding,SUR_8666.jpg
Pre wedding,SUR_8690.jpg
Pre wedding,SUR_8774.jpg
Pre wedding,SUR_8783.jpg
Pre wedding,SUR_8820.jpg
Pre wedding,SUR_8860.jpg
Pre wedding,SUR_8871.jpg
Pre wedding,SUR_8878.jpg
Pre wedding,SUR_8932.jpg
Pre wedding,SUR_8979.jpg
Pre wedding,SUR_8995.jpg
Pre wedding,SUR_8999.jpg
Pre wedding,SUR_9008.jpg
Pre wedding,TTD02596.jpg
Pre wedding,TTD02656.jpg
Pre wedding,TTD02693.jpg
Pre wedding,TTD02724.jpg
Pre wedding,TTD03048.jpg
Pre wedding,TTD03079.jpg
Pre wedding,TTD03106.jpg
Pre wedding,TTD03121.jpg
Pre wedding,TTD03199.jpg
Pre wedding,TTD03256.jpg
Pre wedding,TTD03303.jpg
Pre wedding,TTD03326.jpg
Pre wedding,TTD03350.jpg
Pre wedding,TTD03358.jpg
Pre wedding,TTD03425.jpg
Pre wedding,TTD03476.jpg
Pre wedding,TTD03491.jpg
Pre wedding,TTD03537.jpg
Pre wedding,TTD03596.jpg
Pre wedding,TTD03621.jpg
Pre wedding,TTD03660.jpg
Tiệc báo hỷ,HOL05913.JPG
Tiệc báo hỷ,HOL05927.JPG
Tiệc báo hỷ,HOL05972.JPG
Tiệc báo hỷ,HOL05978.JPG
Tiệc báo hỷ,HOL05981.JPG
Tiệc báo hỷ,HOL05985.JPG
Tiệc báo hỷ,HOL05990.JPG
Tiệc báo hỷ,HOL05996.JPG
Tiệc báo hỷ,HOL06000.JPG
Tiệc báo hỷ,HOL06002.JPG
Tiệc báo hỷ,HOL06011.JPG
Tiệc báo hỷ,HOL06015.JPG
Tiệc báo hỷ,HOL06017.JPG
Tiệc báo hỷ,HOL06021.JPG
Tiệc báo hỷ,HOL06025.JPG
Tiệc báo hỷ,HOL06027.JPG
Tiệc báo hỷ,HOL06031.JPG
Tiệc báo hỷ,HOL06034.JPG
Tiệc báo hỷ,HOL06038.JPG
Tiệc báo hỷ,HOL06042.JPG
Tiệc báo hỷ,HOL06045.JPG
Tiệc báo hỷ,HOL06048.JPG
Tiệc báo hỷ,HOL06051.JPG
Tiệc báo hỷ,HOL06054.JPG
Tiệc báo hỷ,HOL06058.JPG
Tiệc báo hỷ,HOL06061.JPG
Tiệc báo hỷ,HOL06066.JPG
Tiệc báo hỷ,HOL06071.JPG
Tiệc báo hỷ,HOL06074.JPG
Tiệc báo hỷ,HOL06076.JPG
Tiệc báo hỷ,HOL06079.JPG
Tiệc báo hỷ,HOL06083.JPG
Tiệc báo hỷ,HOL06084.JPG
Tiệc báo hỷ,HOL06089.JPG
Tiệc báo hỷ,HOL06092.JPG
Tiệc báo hỷ,HOL06096.JPG
Tiệc báo hỷ,HOL06102.JPG
Tiệc báo hỷ,HOL06106.JPG
Tiệc báo hỷ,HOL06108.JPG
Tiệc báo hỷ,HOL06113.JPG
Tiệc báo hỷ,HOL06118.JPG
Tiệc báo hỷ,HOL06121.JPG
Tiệc báo hỷ,HOL06125.JPG
Tiệc báo hỷ,HOL06128.JPG
Tiệc báo hỷ,HOL06131.JPG
Tiệc báo hỷ,HOL06135.JPG
Tiệc báo hỷ,HOL06141.JPG
Tiệc báo hỷ,HOL06150.JPG
Tiệc báo hỷ,HOL06157.JPG
Tiệc báo hỷ,HOL06164.JPG
Tiệc báo hỷ,HOL06169.JPG
Tiệc báo hỷ,HOL06175.JPG
Tiệc báo hỷ,HOL06180.JPG
Tiệc báo hỷ,HOL06185.JPG
Tiệc báo hỷ,HOL06199.JPG
Tiệc báo hỷ,HOL06205.JPG
Tiệc báo hỷ,HOL06210.JPG
Tiệc báo hỷ,HOL06217.JPG
Tiệc báo hỷ,HOL06223.JPG
Tiệc báo hỷ,HOL06230.JPG
Tiệc báo hỷ,HOL06237.JPG
Tiệc báo hỷ,HOL06243.JPG
Tiệc báo hỷ,HOL06251.JPG
Tiệc báo hỷ,HOL06255.JPG
Tiệc báo hỷ,HOL06259.JPG
Tiệc báo hỷ,HOL06263.JPG
Tiệc báo hỷ,HOL06268.JPG
Tiệc báo hỷ,HOL06279.JPG
Tiệc báo hỷ,HOL06285.JPG
Tiệc báo hỷ,HOL06290.JPG
Tiệc báo hỷ,HOL06297.JPG
Tiệc báo hỷ,HOL06305.JPG
Tiệc báo hỷ,HOL06310.JPG
Tiệc báo hỷ,HOL06316.JPG
Tiệc báo hỷ,HOL06321.JPG
Tiệc báo hỷ,HOL06327.JPG
Tiệc báo hỷ,HOL06331.JPG
Tiệc báo hỷ,HOL06335.JPG
Tiệc báo hỷ,HOL06338.JPG
Tiệc báo hỷ,HOL06340.JPG
Tiệc báo hỷ,HOL06346.JPG
Tiệc báo hỷ,HOL06348.JPG
Tiệc báo hỷ,HOL06351.JPG
Tiệc báo hỷ,HOL06356.JPG
Tiệc báo hỷ,HOL06360.JPG
Tiệc báo hỷ,HOL06364.JPG
Tiệc báo hỷ,HOL06370.JPG
Tiệc báo hỷ,HOL06373.JPG
Tiệc báo hỷ,HOL06377.JPG
Tiệc báo hỷ,HOL06381.JPG
Tiệc báo hỷ,HOL06384.JPG
Tiệc báo hỷ,HOL06388.JPG
Tiệc báo hỷ,HOL06391.JPG
Tiệc báo hỷ,HOL06393.JPG
Tiệc báo hỷ,HOL06396.JPG
Tiệc báo hỷ,HOL06399.JPG
Tiệc báo hỷ,HOL06401.JPG
Tiệc báo hỷ,HOL06404.JPG
Tiệc báo hỷ,HOL06406.JPG
Tiệc báo hỷ,HOL06409.JPG
Tiệc báo hỷ,HOL06411.JPG
Tiệc báo hỷ,HOL06415.JPG
Tiệc báo hỷ,HOL06418.JPG
Tiệc báo hỷ,HOL06421.JPG
Tiệc báo hỷ,HOL06424.JPG
Tiệc báo hỷ,HOL06429.JPG
Tiệc báo hỷ,HOL06433.JPG
Tiệc báo hỷ,HOL06438.JPG
Tiệc báo hỷ,HOL06442.JPG
Tiệc báo hỷ,HOL06445.JPG
Tiệc báo hỷ,HOL06449.JPG
Tiệc báo hỷ,HOL06452.JPG
Tiệc báo hỷ,HOL06455.JPG
Tiệc báo hỷ,HOL06460.JPG
Tiệc báo hỷ,HOL06463.JPG
Tiệc báo hỷ,HOL06467.JPG
Tiệc nhà gái,TINHHO-01624.jpg
Tiệc nhà gái,TINHHO-01632.jpg
Tiệc nhà gái,TINHHO-01634.jpg
Tiệc nhà gái,TINHHO-01636.jpg
Tiệc nhà gái,TINHHO-01637.jpg
Tiệc nhà gái,TINHHO-01638.jpg
Tiệc nhà gái,TINHHO-01640.jpg
Tiệc nhà gái,TINHHO-01643.jpg
Tiệc nhà gái,TINHHO-01644.jpg
Tiệc nhà gái,TINHHO-01646.jpg
Tiệc nhà gái,TINHHO-01649.jpg
Tiệc nhà gái,TINHHO-01651.jpg
Tiệc nhà gái,TINHHO-01656.jpg
Tiệc nhà gái,TINHHO-01657.jpg
Tiệc nhà gái,TINHHO-01659.jpg
Tiệc nhà gái,TINHHO-01667.jpg
Tiệc nhà gái,TINHHO-01670.jpg
Tiệc nhà gái,TINHHO-01674.jpg
Tiệc nhà gái,TINHHO-01681.jpg
Tiệc nhà gái,TINHHO-01688.jpg
Tiệc nhà gái,TINHHO-01689.jpg
Tiệc nhà gái,TINHHO-01692.jpg
Tiệc nhà gái,TINHHO-01703.jpg
Tiệc nhà gái,TINHHO-01713.jpg
Tiệc nhà gái,TINHHO-01714.jpg
Tiệc nhà gái,TINHHO-01715.jpg
Tiệc nhà gái,TINHHO-01718.jpg
Tiệc nhà gái,TINHHO-01720.jpg
Tiệc nhà gái,TINHHO-01723.jpg
Tiệc nhà gái,TINHHO-01726.jpg
Tiệc nhà gái,TINHHO-01733.jpg
Tiệc nhà gái,TINHHO-01735.jpg
Tiệc nhà gái,TINHHO-01739.jpg
Tiệc nhà gái,TINHHO-01741.jpg
Tiệc nhà gái,TINHHO-01743.jpg
Tiệc nhà gái,TINHHO-01750.jpg
Tiệc nhà gái,TINHHO-01753.jpg
Tiệc nhà gái,TINHHO-01755.jpg
Tiệc nhà gái,TINHHO-01760.jpg
Tiệc nhà gái,TINHHO-01769.jpg
Tiệc nhà gái,TINHHO-01771.jpg
Tiệc nhà gái,TINHHO-01775.jpg
Tiệc nhà gái,TINHHO-01777.jpg
Tiệc nhà gái,TINHHO-01786.jpg
Tiệc nhà gái,TINHHO-01788.jpg
Tiệc nhà gái,TINHHO-01792.jpg
Tiệc nhà gái,TINHHO-01797.jpg
Tiệc nhà gái,TINHHO-01805.jpg
Tiệc nhà gái,TINHHO-01807.jpg
Tiệc nhà gái,TINHHO-01811.jpg
Tiệc nhà gái,TINHHO-01821.jpg
Tiệc nhà gái,TINHHO-01824.jpg
Tiệc nhà gái,TINHHO-01830.jpg
Tiệc nhà gái,TINHHO-01835.jpg
Tiệc nhà gái,TINHHO-01836.jpg
Tiệc nhà gái,TINHHO-01841.jpg
Tiệc nhà gái,TINHHO-01846.jpg
Tiệc nhà gái,TINHHO-01851.jpg
Tiệc nhà gái,TINHHO-01853.jpg
Tiệc nhà gái,TINHHO-01857.jpg
Tiệc nhà gái,TINHHO-01861.jpg
Tiệc nhà gái,TINHHO-01863.jpg
Tiệc nhà gái,TINHHO-01868.jpg
Tiệc nhà gái,TINHHO-01869.jpg
Tiệc nhà gái,TINHHO-01875.jpg
Tiệc nhà gái,TINHHO-01878.jpg
Tiệc nhà gái,TINHHO-01883.jpg
Tiệc nhà gái,TINHHO-01887.jpg
Tiệc nhà gái,TINHHO-01890.jpg
Tiệc nhà gái,TINHHO-01893.jpg
Tiệc nhà gái,TINHHO-01895.jpg
Tiệc nhà gái,TINHHO-01899.jpg
Tiệc nhà gái,TINHHO-01903.jpg
Tiệc nhà gái,TINHHO-01907.jpg
Tiệc nhà gái,TINHHO-01908.jpg
Tiệc nhà gái,TINHHO-01913.jpg
Tiệc nhà gái,TINHHO-01915.jpg
Tiệc nhà gái,TINHHO-01921.jpg
Tiệc nhà gái,TINHHO-01923.jpg
Tiệc nhà gái,TINHHO-01928.jpg
Tiệc nhà gái,TINHHO-01937.jpg
Tiệc nhà gái,TINHHO-01942.jpg
Tiệc nhà gái,TINHHO-01952.jpg
Tiệc nhà gái,TINHHO-01958.jpg
Tiệc nhà gái,TINHHO-01966.jpg
Tiệc nhà gái,TINHHO-01975.jpg
Tiệc nhà gái,TINHHO-01980.jpg
Tiệc nhà gái,TINHHO-01981.jpg
Tiệc nhà gái,TINHHO-01984.jpg
Tiệc nhà gái,TINHHO-01986.jpg
Tiệc nhà gái,TINHHO-01993.jpg
Tiệc nhà gái,TINHHO-01996.jpg
Tiệc nhà gái,TINHHO-01998.jpg
Tiệc nhà gái,TINHHO-02005.jpg
Tiệc nhà gái,TINHHO-02015.jpg
Tiệc nhà gái,TINHHO-02019.jpg
Tiệc nhà gái,TINHHO-02022.jpg
Tiệc nhà gái,TINHHO-02027.jpg
Tiệc nhà gái,TINHHO-02030.jpg
Tiệc nhà gái,TINHHO-02033.jpg
Tiệc nhà gái,TINHHO-02040.jpg
Tiệc nhà gái,TINHHO-02042.jpg
Tiệc nhà gái,TINHHO-02049.jpg
Tiệc nhà gái,TINHHO-02054.jpg
Tiệc nhà gái,TINHHO-02058.jpg
Tiệc nhà gái,TINHHO-02063.jpg
Tiệc nhà gái,TINHHO-02067.jpg
Tiệc nhà gái,TINHHO-02070.jpg
Tiệc nhà gái,TINHHO-02072.jpg
Tiệc nhà gái,TINHHO-02075.jpg
Tiệc nhà gái,TINHHO-02080.jpg
Tiệc nhà gái,TINHHO-02086.jpg
Tiệc nhà gái,TINHHO-02090.jpg
Tiệc nhà gái,TINHHO-02094.jpg
Tiệc nhà gái,TINHHO-02101.jpg
Tiệc nhà gái,TINHHO-02103.jpg
Tiệc nhà gái,TINHHO-02109.jpg
Tiệc nhà gái,TINHHO-02111.jpg
Tiệc nhà gái,TINHHO-02116.jpg
Tiệc nhà gái,TINHHO-02120.jpg
Tiệc nhà gái,TINHHO-02127.jpg
Tiệc nhà gái,TINHHO-02132.jpg
Tiệc nhà gái,TINHHO-02137.jpg
Tiệc nhà gái,TINHHO-02140.jpg
Tiệc nhà gái,TINHHO-02144.jpg
Tiệc nhà gái,TINHHO-02147.jpg
Tiệc nhà gái,TINHHO-02148.jpg
Tiệc nhà gái,TINHHO-02151.jpg
Tiệc nhà gái,TINHHO-02159.jpg
Tiệc nhà gái,TINHHO-02162.jpg
Tiệc nhà gái,TINHHO-02163.jpg
Tiệc nhà gái,TINHHO-02164.jpg
Tiệc nhà gái,TINHHO-02168.jpg
Tiệc nhà gái,TINHHO-02175.jpg
Tiệc nhà gái,TINHHO-02178.jpg
Tiệc nhà gái,TINHHO-02182.jpg
Tiệc nhà gái,TINHHO-02192.jpg
Tiệc nhà gái,TINHHO-02197.jpg
Tiệc nhà gái,TINHHO-02199.jpg
Tiệc nhà gái,TINHHO-02203.jpg
Tiệc nhà gái,TINHHO-02206.jpg
Tiệc nhà gái,TINHHO-02213.jpg
Tiệc nhà gái,TINHHO-02219.jpg
Tiệc nhà gái,TINHHO-02229.jpg
Tiệc nhà gái,TINHHO-02238.jpg
Tiệc nhà gái,TINHHO-02240.jpg
Tiệc nhà gái,TINHHO-02243.jpg
Tiệc nhà gái,TINHHO-02248.jpg
Tiệc nhà gái,TINHHO-02265.jpg
Tiệc nhà gái,TINHHO-02274.jpg
Tiệc nhà gái,TINHHO-02284.jpg
Tiệc nhà gái,TINHHO-02292.jpg
Tiệc nhà gái,TINHHO-02299.jpg
Tiệc nhà gái,TINHHO-02303.jpg
Tiệc nhà gái,TINHHO-02309.jpg
Tiệc nhà gái,TINHHO-02316.jpg
Tiệc nhà gái,TINHHO-02319.jpg
Tiệc nhà gái,TINHHO-02327.jpg
Tiệc nhà gái,TINHHO-02331.jpg
Tiệc nhà gái,TINHHO-02336.jpg
Tiệc nhà gái,TINHHO-02338.jpg
Tiệc nhà gái,TINHHO-02342.jpg
Tiệc nhà gái,TINHHO-02344.jpg
Tiệc nhà gái,TINHHO-02350.jpg
Tiệc nhà gái,TINHHO-02353.jpg
Tiệc nhà gái,TINHHO-02358.jpg
Tiệc nhà gái,TINHHO-02365.jpg
Tiệc nhà gái,TINHHO-02367.jpg
Tiệc nhà gái,TINHHO-02376.jpg
Tiệc nhà gái,TINHHO-02378.jpg
Tiệc nhà gái,TINHHO-02386.jpg
Tiệc nhà gái,TINHHO-02390.jpg
Tiệc nhà gái,TINHHO-02394.jpg
Tiệc nhà gái,TINHHO-02402.jpg
Tiệc nhà gái,TINHHO-02411.jpg
Tiệc nhà gái,TINHHO-02415.jpg
Tiệc nhà gái,TINHHO-02418.jpg
Tiệc nhà gái,TINHHO-02422.jpg
Tiệc nhà gái,TINHHO-02424.jpg
Tiệc nhà gái,TINHHO-02427.jpg
Tiệc nhà gái,TINHHO-02435.jpg
Tiệc nhà gái,TINHHO-02439.jpg
Tiệc nhà gái,TINHHO-02444.jpg
Tiệc nhà gái,TINHHO-02449.jpg
Tiệc nhà gái,TINHHO-02455.jpg
Tiệc nhà gái,TINHHO-02462.jpg
Tiệc nhà gái,TINHHO-02465.jpg
Tiệc nhà gái,TINHHO-02467.jpg
Tiệc nhà gái,TINHHO-02469.jpg
Tiệc nhà gái,TINHHO-02483.jpg
Tiệc nhà gái,TINHHO-02487.jpg
Tiệc nhà gái,TINHHO-02491.jpg
Tiệc nhà gái,TINHHO-02494.jpg
Tiệc nhà gái,TINHHO-02496.jpg
Tiệc nhà gái,TINHHO-02506.jpg
Tiệc nhà gái,TINHHO-02508.jpg
Tiệc nhà gái,TINHHO-02510.jpg
Tiệc nhà gái,TINHHO-02514.jpg
Tiệc nhà gái,TINHHO-02524.jpg
Tiệc nhà gái,TINHHO-02525.jpg
Tiệc nhà gái,TINHHO-02526.jpg
Tiệc nhà gái,TINHHO-02528.jpg
Tiệc nhà gái,TINHHO-02532.jpg
Tiệc nhà gái,TINHHO-02542.jpg
Tiệc nhà gái,TINHHO-02544.jpg
Tiệc nhà gái,TINHHO-02546.jpg
Tiệc nhà gái,TINHHO-02549.jpg
Tiệc nhà gái,TINHHO-02552.jpg
Tiệc nhà gái,TINHHO-02554.jpg
Tiệc nhà gái,TINHHO-02560.jpg
Tiệc nhà gái,TINHHO-02564.jpg
Tiệc nhà gái,TINHHO-02572.jpg
Tiệc nhà gái,TINHHO-02577.jpg
Tiệc nhà gái,TINHHO-02585.jpg
Tiệc nhà gái,TINHHO-02588.jpg
Tiệc nhà gái,TINHHO-02595.jpg
Tiệc nhà gái,TINHHO-02611.jpg
Tiệc nhà gái,TINHHO-02612.jpg
Tiệc nhà gái,TINHHO-02619.jpg
Tiệc nhà gái,TINHHO-02625.jpg
Tiệc nhà gái,TINHHO-02631.jpg
Tiệc nhà gái,TINHHO-02632.jpg
Tiệc nhà gái,TINHHO-02635.jpg
Tiệc nhà gái,TINHHO-02638.jpg
Tiệc nhà gái,TINHHO-02640.jpg
Tiệc nhà gái,TINHHO-02642.jpg
Tiệc nhà gái,TINHHO-02647.jpg
Tiệc nhà gái,TINHHO-02650.jpg
Tiệc nhà gái,TINHHO-02654.jpg
Tiệc nhà gái,TINHHO-02659.jpg
Tiệc nhà gái,TINHHO-02665.jpg
Tiệc nhà gái,TINHHO-02668.jpg
Tiệc nhà gái,TINHHO-02670.jpg
Tiệc nhà gái,TINHHO-02672.jpg
Tiệc nhà gái,TINHHO-02677.jpg
Tiệc nhà gái,TINHHO-02680.jpg
Tiệc nhà gái,TINHHO-02682.jpg
Tiệc nhà gái,TINHHO-02685.jpg
Tiệc nhà gái,TINHHO-02686.jpg
Tiệc nhà gái,TINHHO-02689.jpg
Tiệc nhà gái,TINHHO-02692.jpg
Tiệc nhà gái,TINHHO-02695.jpg
Tiệc nhà gái,TINHHO-02699.jpg
Tiệc nhà gái,TINHHO-02701.jpg
Tiệc nhà gái,TINHHO-02706.jpg
Tiệc nhà gái,TINHHO-02709.jpg
Tiệc nhà gái,TINHHO-02721.jpg
Tiệc nhà gái,TINHHO-02723.jpg
Tiệc nhà gái,TINHHO-02725.jpg
Tiệc nhà gái,TINHHO-02731.jpg
Tiệc nhà gái,TINHHO-02735.jpg
Tiệc nhà gái,TINHHO-02740.jpg
Tiệc nhà gái,TINHHO-02744.jpg
Tiệc nhà gái,TINHHO-02747.jpg
Tiệc nhà gái,TINHHO-02752.jpg
Tiệc nhà gái,TINHHO-02754.jpg
Tiệc nhà gái,TINHHO-02759.jpg
Tiệc nhà gái,TINHHO-02764.jpg
Tiệc nhà gái,TINHHO-02768.jpg
Tiệc nhà gái,TINHHO-02772.jpg
Tiệc nhà gái,TINHHO-02775.jpg
Tiệc nhà gái,TINHHO-02778.jpg
Tiệc nhà gái,TINHHO-02780.jpg
Tiệc nhà gái,TINHHO-02786.jpg
Tiệc nhà gái,TINHHO-02789.jpg
Tiệc nhà gái,TINHHO-02792.jpg
Tiệc nhà gái,TINHHO-02794.jpg
Tiệc nhà gái,TINHHO-02798.jpg
Tiệc nhà gái,TINHHO-02801.jpg
Tiệc nhà gái,TINHHO-02803.jpg
Tiệc nhà gái,TINHHO-02807.jpg
Tiệc nhà gái,TINHHO-02809.jpg
Tiệc nhà gái,TINHHO-02814.jpg
Tiệc nhà gái,TINHHO-02817.jpg
Tiệc nhà gái,TINHHO-02821.jpg
Tiệc nhà gái,TINHHO-02822.jpg
Tiệc nhà gái,TINHHO-02825.jpg
Tiệc nhà gái,TINHHO-02828.jpg
Tiệc nhà gái,TINHHO-02830.jpg
Tiệc nhà gái,TINHHO-02834.jpg
Tiệc nhà gái,TINHHO-02839.jpg
Tiệc nhà gái,TINHHO-02842.jpg
Tiệc nhà gái,TINHHO-02858.jpg
Tiệc nhà gái,TINHHO-02861.jpg
Tiệc nhà gái,TINHHO-02866.jpg
Tiệc nhà gái,TINHHO-02870.jpg
Tiệc nhà gái,TINHHO-02871.jpg
Tiệc nhà gái,TINHHO-02874.jpg
Tiệc nhà gái,TINHHO-02878.jpg
Tiệc nhà gái,TINHHO-02882.jpg
Tiệc nhà gái,TINHHO-02885.jpg
Tiệc nhà gái,TINHHO-02888.jpg
Tiệc nhà gái,TINHHO-02893.jpg
Tiệc nhà gái,TINHHO-02895.jpg
Tiệc nhà gái,TINHHO-02897.jpg
Tiệc nhà gái,TINHHO-02899.jpg
Tiệc nhà gái,TINHHO-08637.jpg
Tiệc nhà gái,TINHHO-08644.jpg
Tiệc nhà gái,TINHHO-08647.jpg
Tiệc nhà gái,TINHHO-08653.jpg
Tiệc nhà gái,TINHHO-08655.jpg
Tiệc nhà gái,TINHHO-08657.jpg
Tiệc nhà gái,TINHHO-08658.jpg
Tiệc nhà gái,TINHHO-08661.jpg
Tiệc nhà gái,TINHHO-08666.jpg
Tiệc nhà gái,TINHHO-08692.jpg
Tiệc nhà gái,TINHHO-08708.jpg
Tiệc nhà gái,TINHHO-08715.jpg
Tiệc nhà gái,TINHHO-08724.jpg
Tiệc nhà gái,TINHHO-08731.jpg
Tiệc nhà gái,TINHHO-08735.jpg
Tiệc nhà gái,TINHHO-08748.jpg
Tiệc nhà gái,TINHHO-08754.jpg
Tiệc nhà gái,TINHHO-08757.jpg
Tiệc nhà gái,TINHHO-08763.jpg
Tiệc nhà gái,TINHHO-08767.jpg
Tiệc nhà gái,TINHHO-08769.jpg
Tiệc nhà gái,TINHHO-08773.jpg
Tiệc nhà gái,TINHHO-08780.jpg
Tiệc nhà gái,TINHHO-08783.jpg
Tiệc nhà gái,TINHHO-08791.jpg
Tiệc nhà gái,TINHHO-08794.jpg
Tiệc nhà gái,TINHHO-08800.jpg
Tiệc nhà gái,TINHHO-08807.jpg
Tiệc nhà gái,TINHHO-08810.jpg
Tiệc nhà gái,TINHHO-08818.jpg
Tiệc nhà gái,TINHHO-08841.jpg
Tiệc nhà gái,TINHHO-08852.jpg
Tiệc nhà gái,TINHHO-08865.jpg
Tiệc nhà gái,TINHHO-08867.jpg
Tiệc nhà gái,TINHHO-08878.jpg
Tiệc nhà gái,TINHHO-08886.jpg
Tiệc nhà gái,TINHHO-08889.jpg
Tiệc nhà gái,TINHHO-08896.jpg
Tiệc nhà gái,TINHHO-08898.jpg
Tiệc nhà gái,TINHHO-08900.jpg
Tiệc nhà gái,TINHHO-08902.jpg
Tiệc nhà gái,TINHHO-08904.jpg
Tiệc nhà gái,TINHHO-08906.jpg
Tiệc nhà gái,TINHHO-08910.jpg
Tiệc nhà gái,TINHHO-08916.jpg
Tiệc nhà gái,TINHHO-08918.jpg
Tiệc nhà gái,TINHHO-08929.jpg
Tiệc nhà gái,TINHHO-08936.jpg
Tiệc nhà gái,TINHHO-08940.jpg
Tiệc nhà gái,TINHHO-08946.jpg
Tiệc nhà gái,TINHHO-08950.jpg
Tiệc nhà gái,TINHHO-08959.jpg
Tiệc nhà gái,TINHHO-08969.jpg
Tiệc nhà gái,TINHHO-08978.jpg
Tiệc nhà gái,TINHHO-08983.jpg
Tiệc nhà gái,TINHHO-08985.jpg
Tiệc nhà gái,TINHHO-08995.jpg
Tiệc nhà gái,TINHHO-09001.jpg
Tiệc nhà gái,TINHHO-09007.jpg
Tiệc nhà gái,TINHHO-09011.jpg
Tiệc nhà gái,TINHHO-09015.jpg
Tiệc nhà gái,TINHHO-09021.jpg
Tiệc nhà gái,TINHHO-09026.jpg
Tiệc nhà gái,TINHHO-09032.jpg
Tiệc nhà gái,TINHHO-09040.jpg
Tiệc nhà gái,TINHHO-09047.jpg
Tiệc nhà gái,TINHHO-09053.jpg
Tiệc nhà gái,TINHHO-09065.jpg
Tiệc nhà gái,TINHHO-09072.jpg
Tiệc nhà gái,TINHHO-09082.jpg
Tiệc nhà gái,TINHHO-09085.jpg
Tiệc nhà gái,TINHHO-09091.jpg
Tiệc nhà gái,TINHHO-09096.jpg
Tiệc nhà gái,TINHHO-09100.jpg
Tiệc nhà gái,TINHHO-09105.jpg
Tiệc nhà gái,TINHHO-09108.jpg
Tiệc nhà gái,TINHHO-09110.jpg
Tiệc nhà gái,TINHHO-09120.jpg
Tiệc nhà gái,TINHHO-09121.jpg
Tiệc nhà gái,TINHHO-09125.jpg
Tiệc nhà gái,TINHHO-09139.jpg
Tiệc nhà gái,TINHHO-09142.jpg
Tiệc nhà gái,TINHHO-09144.jpg
Tiệc nhà gái,TINHHO-09151.jpg
Tiệc nhà gái,TINHHO-09155.jpg
Tiệc nhà gái,TINHHO-09169.jpg
Tiệc nhà gái,TINHHO-09172.jpg
Tiệc nhà gái,TINHHO-09175.jpg
Tiệc nhà gái,TINHHO-09177.jpg
Tiệc nhà gái,TINHHO-09204.jpg
Tiệc nhà gái,TINHHO-09212.jpg
Tiệc nhà gái,TINHHO-09218.jpg
Tiệc nhà gái,TINHHO-09228.jpg
Tiệc nhà gái,TINHHO-09236.jpg
Tiệc nhà gái,TINHHO-09242.jpg
Tiệc nhà gái,TINHHO-09248.jpg
Tiệc nhà gái,TINHHO-09252.jpg
Tiệc nhà gái,TINHHO-09254.jpg
Tiệc nhà gái,TINHHO-09259.jpg
Tiệc nhà gái,TINHHO-09266.jpg
Tiệc nhà gái,TINHHO-09273.jpg
Tiệc nhà gái,TINHHO-09279.jpg
Tiệc nhà gái,TINHHO-09284.jpg
Tiệc nhà gái,TINHHO-09295.jpg
Tiệc nhà gái,TINHHO-09299.jpg
Tiệc nhà gái,TINHHO-09308.jpg
Tiệc nhà gái,TINHHO-09311.jpg
Tiệc nhà gái,TINHHO-09319.jpg
Tiệc nhà gái,TINHHO-09321.jpg
Tiệc nhà gái,TINHHO-09326.jpg
Tiệc nhà gái,TINHHO-09368.jpg
Tiệc nhà gái,TINHHO-09376.jpg
Tiệc nhà gái,TINHHO-09381.jpg
Tiệc nhà gái,TINHHO-09389.jpg
Tiệc nhà gái,TINHHO-09393.jpg
Tiệc nhà gái,TINHHO-09394.jpg
Tiệc nhà gái,TINHHO-09408.jpg
Tiệc nhà gái,TINHHO-09413.jpg
Tiệc nhà gái,TINHHO-09418.jpg
Tiệc nhà gái,TINHHO-09425.jpg
Tiệc nhà gái,TINHHO-09430.jpg
Tiệc nhà gái,TINHHO-09438.jpg
Tiệc nhà gái,TINHHO-09444.jpg
Tiệc nhà gái,TINHHO-09448.jpg
Tiệc nhà gái,TINHHO-09451.jpg
Tiệc nhà gái,TINHHO-09454.jpg
Tiệc nhà gái,TINHHO-09457.jpg
Tiệc nhà gái,TINHHO-09461.jpg
Tiệc nhà gái,TINHHO-09465.jpg
Tiệc nhà gái,TINHHO-09472.jpg
Tiệc nhà gái,TINHHO-09479.jpg
Tiệc nhà gái,TINHHO-09484.jpg
Tiệc nhà gái,TINHHO-09490.jpg
Tiệc nhà gái,TINHHO-09495.jpg
Tiệc nhà gái,TINHHO-09501.jpg
Tiệc nhà gái,TINHHO-09513.jpg
Tiệc nhà gái,TINHHO-09519.jpg
Tiệc nhà gái,TINHHO-09527.jpg
Tiệc nhà gái,TINHHO-09529.jpg
Tiệc nhà gái,TINHHO-09539.jpg
Tiệc nhà gái,TINHHO-09553.jpg
Tiệc nhà gái,TINHHO-09560.jpg
Tiệc nhà gái,TINHHO-09568.jpg
Tiệc nhà gái,TINHHO-09571.jpg
Tiệc nhà gái,TINHHO-09578.jpg
Tiệc nhà gái,TINHHO-09583.jpg
Tiệc nhà gái,TINHHO-09586.jpg
Tiệc nhà trai,TINHHO-02903.jpg
Tiệc nhà trai,TINHHO-02905.jpg
Tiệc nhà trai,TINHHO-02907.jpg
Tiệc nhà trai,TINHHO-02910.jpg
Tiệc nhà trai,TINHHO-02912.jpg
Tiệc nhà trai,TINHHO-02914.jpg
Tiệc nhà trai,TINHHO-02917.jpg
Tiệc nhà trai,TINHHO-02920.jpg
Tiệc nhà trai,TINHHO-02922.jpg
Tiệc nhà trai,TINHHO-02930.jpg
Tiệc nhà trai,TINHHO-02936.jpg
Tiệc nhà trai,TINHHO-02938.jpg
Tiệc nhà trai,TINHHO-02941.jpg
Tiệc nhà trai,TINHHO-02947.jpg
Tiệc nhà trai,TINHHO-02953.jpg
Tiệc nhà trai,TINHHO-02956.jpg
Tiệc nhà trai,TINHHO-02958.jpg
Tiệc nhà trai,TINHHO-02966.jpg
Tiệc nhà trai,TINHHO-02972.jpg
Tiệc nhà trai,TINHHO-02975.jpg
Tiệc nhà trai,TINHHO-02978.jpg
Tiệc nhà trai,TINHHO-02982.jpg
Tiệc nhà trai,TINHHO-02988.jpg
Tiệc nhà trai,TINHHO-02993.jpg
Tiệc nhà trai,TINHHO-02997.jpg
Tiệc nhà trai,TINHHO-03000.jpg
Tiệc nhà trai,TINHHO-03003.jpg
Tiệc nhà trai,TINHHO-03007.jpg
Tiệc nhà trai,TINHHO-03010.jpg
Tiệc nhà trai,TINHHO-03012.jpg
Tiệc nhà trai,TINHHO-03015.jpg
Tiệc nhà trai,TINHHO-03017.jpg
Tiệc nhà trai,TINHHO-03024.jpg
Tiệc nhà trai,TINHHO-03027.jpg
Tiệc nhà trai,TINHHO-03030.jpg
Tiệc nhà trai,TINHHO-03032.jpg
Tiệc nhà trai,TINHHO-03036.jpg
Tiệc nhà trai,TINHHO-03038.jpg
Tiệc nhà trai,TINHHO-03041.jpg
Tiệc nhà trai,TINHHO-03046.jpg
Tiệc nhà trai,TINHHO-03048.jpg
Tiệc nhà trai,TINHHO-03052.jpg
Tiệc nhà trai,TINHHO-03056.jpg
Tiệc nhà trai,TINHHO-03058.jpg
Tiệc nhà trai,TINHHO-03073.jpg
Tiệc nhà trai,TINHHO-03074.jpg
Tiệc nhà trai,TINHHO-03078.jpg
Tiệc nhà trai,TINHHO-03083.jpg
Tiệc nhà trai,TINHHO-03086.jpg
Tiệc nhà trai,TINHHO-03095.jpg
Tiệc nhà trai,TINHHO-03098.jpg
Tiệc nhà trai,TINHHO-03101.jpg
Tiệc nhà trai,TINHHO-03103.jpg
Tiệc nhà trai,TINHHO-03110.jpg
Tiệc nhà trai,TINHHO-03117.jpg
Tiệc nhà trai,TINHHO-03119.jpg
Tiệc nhà trai,TINHHO-03121.jpg
Tiệc nhà trai,TINHHO-03124.jpg
Tiệc nhà trai,TINHHO-03127.jpg
Tiệc nhà trai,TINHHO-03128.jpg
Tiệc nhà trai,TINHHO-03130.jpg
Tiệc nhà trai,TINHHO-03134.jpg
Tiệc nhà trai,TINHHO-03137.jpg
Tiệc nhà trai,TINHHO-03138.jpg
Tiệc nhà trai,TINHHO-03141.jpg
Tiệc nhà trai,TINHHO-03146.jpg
Tiệc nhà trai,TINHHO-03149.jpg
Tiệc nhà trai,TINHHO-03150.jpg
Tiệc nhà trai,TINHHO-03154.jpg
Tiệc nhà trai,TINHHO-03155.jpg
Tiệc nhà trai,TINHHO-03159.jpg
Tiệc nhà trai,TINHHO-03162.jpg
Tiệc nhà trai,TINHHO-03164.jpg
Tiệc nhà trai,TINHHO-03167.jpg
Tiệc nhà trai,TINHHO-03169.jpg
Tiệc nhà trai,TINHHO-03171.jpg
Tiệc nhà trai,TINHHO-03173.jpg
Tiệc nhà trai,TINHHO-03176.jpg
Tiệc nhà trai,TINHHO-03182.jpg
Tiệc nhà trai,TINHHO-03184.jpg
Tiệc nhà trai,TINHHO-03186.jpg
Tiệc nhà trai,TINHHO-03188.jpg
Tiệc nhà trai,TINHHO-03190.jpg
Tiệc nhà trai,TINHHO-03192.jpg
Tiệc nhà trai,TINHHO-03194.jpg
Tiệc nhà trai,TINHHO-03208.jpg
Tiệc nhà trai,TINHHO-03209.jpg
Tiệc nhà trai,TINHHO-03217.jpg
Tiệc nhà trai,TINHHO-03219.jpg
Tiệc nhà trai,TINHHO-03222.jpg
Tiệc nhà trai,TINHHO-03226.jpg
Tiệc nhà trai,TINHHO-03229.jpg
Tiệc nhà trai,TINHHO-03235.jpg
Tiệc nhà trai,TINHHO-03239.jpg
Tiệc nhà trai,TINHHO-03243.jpg
Tiệc nhà trai,TINHHO-03246.jpg
Tiệc nhà trai,TINHHO-03251.jpg
Tiệc nhà trai,TINHHO-03256.jpg
Tiệc nhà trai,TINHHO-03260.jpg
Tiệc nhà trai,TINHHO-03262.jpg
Tiệc nhà trai,TINHHO-03264.jpg
Tiệc nhà trai,TINHHO-03267.jpg
Tiệc nhà trai,TINHHO-03271.jpg
Tiệc nhà trai,TINHHO-03276.jpg
Tiệc nhà trai,TINHHO-03280.jpg
Tiệc nhà trai,TINHHO-03283.jpg
Tiệc nhà trai,TINHHO-03287.jpg
Tiệc nhà trai,TINHHO-03289.jpg
Tiệc nhà trai,TINHHO-03290.jpg
Tiệc nhà trai,TINHHO-03295.jpg
Tiệc nhà trai,TINHHO-03300.jpg
Tiệc nhà trai,TINHHO-03302.jpg
Tiệc nhà trai,TINHHO-03304.jpg
Tiệc nhà trai,TINHHO-03307.jpg
Tiệc nhà trai,TINHHO-03311.jpg
Tiệc nhà trai,TINHHO-03313.jpg
Tiệc nhà trai,TINHHO-03316.jpg
Tiệc nhà trai,TINHHO-03318.jpg
Tiệc nhà trai,TINHHO-03323.jpg
Tiệc nhà trai,TINHHO-03327.jpg
Tiệc nhà trai,TINHHO-03329.jpg
Tiệc nhà trai,TINHHO-03332.jpg
Tiệc nhà trai,TINHHO-03334.jpg
Tiệc nhà trai,TINHHO-03335.jpg
Tiệc nhà trai,TINHHO-03337.jpg
Tiệc nhà trai,TINHHO-03338.jpg
Tiệc nhà trai,TINHHO-03340.jpg
Tiệc nhà trai,TINHHO-03343.jpg
Tiệc nhà trai,TINHHO-03347.jpg
Tiệc nhà trai,TINHHO-03348.jpg
Tiệc nhà trai,TINHHO-03350.jpg
Tiệc nhà trai,TINHHO-03353.jpg
Tiệc nhà trai,TINHHO-03356.jpg
Tiệc nhà trai,TINHHO-03360.jpg
Tiệc nhà trai,TINHHO-03363.jpg
Tiệc nhà trai,TINHHO-03365.jpg
Tiệc nhà trai,TINHHO-03368.jpg
Tiệc nhà trai,TINHHO-03370.jpg
Tiệc nhà trai,TINHHO-03372.jpg
Tiệc nhà trai,TINHHO-03379.jpg
Tiệc nhà trai,TINHHO-03381.jpg
Tiệc nhà trai,TINHHO-03385.jpg
Tiệc nhà trai,TINHHO-03389.jpg
Tiệc nhà trai,TINHHO-03393.jpg
Tiệc nhà trai,TINHHO-03396.jpg
Tiệc nhà trai,TINHHO-03398.jpg
Tiệc nhà trai,TINHHO-03400.jpg
Tiệc nhà trai,TINHHO-03404.jpg
Tiệc nhà trai,TINHHO-03406.jpg
Tiệc nhà trai,TINHHO-03407.jpg
Tiệc nhà trai,TINHHO-03413.jpg
Tiệc nhà trai,TINHHO-03416.jpg
Tiệc nhà trai,TINHHO-03417.jpg
Tiệc nhà trai,TINHHO-03422.jpg
Tiệc nhà trai,TINHHO-03424.jpg
Tiệc nhà trai,TINHHO-03429.jpg
Tiệc nhà trai,TINHHO-03432.jpg
Tiệc nhà trai,TINHHO-03434.jpg
Tiệc nhà trai,TINHHO-03439.jpg
Tiệc nhà trai,TINHHO-03441.jpg
Tiệc nhà trai,TINHHO-03446.jpg
Tiệc nhà trai,TINHHO-03449.jpg
Tiệc nhà trai,TINHHO-03451.jpg
Tiệc nhà trai,TINHHO-03454.jpg
Tiệc nhà trai,TINHHO-03468.jpg
Tiệc nhà trai,TINHHO-03472.jpg
Tiệc nhà trai,TINHHO-03474.jpg
Tiệc nhà trai,TINHHO-03478.jpg
Tiệc nhà trai,TINHHO-03481.jpg
Tiệc nhà trai,TINHHO-03486.jpg
Tiệc nhà trai,TINHHO-03490.jpg
Tiệc nhà trai,TINHHO-03493.jpg
Tiệc nhà trai,TINHHO-03497.jpg
Tiệc nhà trai,TINHHO-03498.jpg
Tiệc nhà trai,TINHHO-03501.jpg
Tiệc nhà trai,TINHHO-03504.jpg
Tiệc nhà trai,TINHHO-03507.jpg
Tiệc nhà trai,TINHHO-03508.jpg
Tiệc nhà trai,TINHHO-03514.jpg
Tiệc nhà trai,TINHHO-03517.jpg
Tiệc nhà trai,TINHHO-03525.jpg
Tiệc nhà trai,TINHHO-03528.jpg
Tiệc nhà trai,TINHHO-03530.jpg
Tiệc nhà trai,TINHHO-03542.jpg
Tiệc nhà trai,TINHHO-03548.jpg
Tiệc nhà trai,TINHHO-03552.jpg
Tiệc nhà trai,TINHHO-03558.jpg
Tiệc nhà trai,TINHHO-03560.jpg
Tiệc nhà trai,TINHHO-03561.jpg
Tiệc nhà trai,TINHHO-03562.jpg
Tiệc nhà trai,TINHHO-03563.jpg
Tiệc nhà trai,TINHHO-03565.jpg
Tiệc nhà trai,TINHHO-03568.jpg
Tiệc nhà trai,TINHHO-03573.jpg
Tiệc nhà trai,TINHHO-03574.jpg
Tiệc nhà trai,TINHHO-03578.jpg
Tiệc nhà trai,TINHHO-03582.jpg
Tiệc nhà trai,TINHHO-03587.jpg
Tiệc nhà trai,TINHHO-03591.jpg
Tiệc nhà trai,TINHHO-03593.jpg
Tiệc nhà trai,TINHHO-03599.jpg
Tiệc nhà trai,TINHHO-03604.jpg
Tiệc nhà trai,TINHHO-03609.jpg
Tiệc nhà trai,TINHHO-03613.jpg
Tiệc nhà trai,TINHHO-03615.jpg
Tiệc nhà trai,TINHHO-03622.jpg
Tiệc nhà trai,TINHHO-03625.jpg
Tiệc nhà trai,TINHHO-03631.jpg
Tiệc nhà trai,TINHHO-03635.jpg
Tiệc nhà trai,TINHHO-03640.jpg
Tiệc nhà trai,TINHHO-03644.jpg
Tiệc nhà trai,TINHHO-03650.jpg
Tiệc nhà trai,TINHHO-03655.jpg
Tiệc nhà trai,TINHHO-03659.jpg
Tiệc nhà trai,TINHHO-03669.jpg
Tiệc nhà trai,TINHHO-03671.jpg
Tiệc nhà trai,TINHHO-03680.jpg
Tiệc nhà trai,TINHHO-03686.jpg
Tiệc nhà trai,TINHHO-03693.jpg
Tiệc nhà trai,TINHHO-03698.jpg
Tiệc nhà trai,TINHHO-03699.jpg
Tiệc nhà trai,TINHHO-03704.jpg
Tiệc nhà trai,TINHHO-03706.jpg
Tiệc nhà trai,TINHHO-03710.jpg
Tiệc nhà trai,TINHHO-03714.jpg
Tiệc nhà trai,TINHHO-03717.jpg
Tiệc nhà trai,TINHHO-03721.jpg
Tiệc nhà trai,TINHHO-03723.jpg
Tiệc nhà trai,TINHHO-03725.jpg
Tiệc nhà trai,TINHHO-03728.jpg
Tiệc nhà trai,TINHHO-03731.jpg
Tiệc nhà trai,TINHHO-03735.jpg
Tiệc nhà trai,TINHHO-03738.jpg
Tiệc nhà trai,TINHHO-03741.jpg
Tiệc nhà trai,TINHHO-03743.jpg
Tiệc nhà trai,TINHHO-03747.jpg
Tiệc nhà trai,TINHHO-03750.jpg
Tiệc nhà trai,TINHHO-03752.jpg
Tiệc nhà trai,TINHHO-03755.jpg
Tiệc nhà trai,TINHHO-03757.jpg
Tiệc nhà trai,TINHHO-03760.jpg
Tiệc nhà trai,TINHHO-03763.jpg
Tiệc nhà trai,TINHHO-03765.jpg
Tiệc nhà trai,TINHHO-03768.jpg
Tiệc nhà trai,TINHHO-03771.jpg
Tiệc nhà trai,TINHHO-03775.jpg
Tiệc nhà trai,TINHHO-03777.jpg
Tiệc nhà trai,TINHHO-03781.jpg
Tiệc nhà trai,TINHHO-03785.jpg
Tiệc nhà trai,TINHHO-03786.jpg
Tiệc nhà trai,TINHHO-03789.jpg
Tiệc nhà trai,TINHHO-03794.jpg
Tiệc nhà trai,TINHHO-03798.jpg
Tiệc nhà trai,TINHHO-03801.jpg
Tiệc nhà trai,TINHHO-03803.jpg
Tiệc nhà trai,TINHHO-03808.jpg
Tiệc nhà trai,TINHHO-03810.jpg
Tiệc nhà trai,TINHHO-03813.jpg
Tiệc nhà trai,TINHHO-03816.jpg
Tiệc nhà trai,TINHHO-03819.jpg
Tiệc nhà trai,TINHHO-03821.jpg
Tiệc nhà trai,TINHHO-03825.jpg
Tiệc nhà trai,TINHHO-03830.jpg
Tiệc nhà trai,TINHHO-03833.jpg
Tiệc nhà trai,TINHHO-03837.jpg
Tiệc nhà trai,TINHHO-03838.jpg
Tiệc nhà trai,TINHHO-03842.jpg
Tiệc nhà trai,TINHHO-03845.jpg
Tiệc nhà trai,TINHHO-03848.jpg
Tiệc nhà trai,TINHHO-03851.jpg
Tiệc nhà trai,TINHHO-03854.jpg
Tiệc nhà trai,TINHHO-03856.jpg
Tiệc nhà trai,TINHHO-03858.jpg
Tiệc nhà trai,TINHHO-03860.jpg
Tiệc nhà trai,TINHHO-03862.jpg
Tiệc nhà trai,TINHHO-03865.jpg
Tiệc nhà trai,TINHHO-03867.jpg
Tiệc nhà trai,TINHHO-03870.jpg
Tiệc nhà trai,TINHHO-03873.jpg
Tiệc nhà trai,TINHHO-03877.jpg
Tiệc nhà trai,TINHHO-03879.jpg
Tiệc nhà trai,TINHHO-03882.jpg
Tiệc nhà trai,TINHHO-03883.jpg
Tiệc nhà trai,TINHHO-03885.jpg
Tiệc nhà trai,TINHHO-03888.jpg
Tiệc nhà trai,TINHHO-03890.jpg
Tiệc nhà trai,TINHHO-03891.jpg
Tiệc nhà trai,TINHHO-03894.jpg
Tiệc nhà trai,TINHHO-03896.jpg
Tiệc nhà trai,TINHHO-03899.jpg
Tiệc nhà trai,TINHHO-03901.jpg
Tiệc nhà trai,TINHHO-03903.jpg
Tiệc nhà trai,TINHHO-03910.jpg
Tiệc nhà trai,TINHHO-03913.jpg
Tiệc nhà trai,TINHHO-03915.jpg
Tiệc nhà trai,TINHHO-03919.jpg
Tiệc nhà trai,TINHHO-03922.jpg
Tiệc nhà trai,TINHHO-03924.jpg
Tiệc nhà trai,TINHHO-03925.jpg
Tiệc nhà trai,TINHHO-03926.jpg
Tiệc nhà trai,TINHHO-03928.jpg
Tiệc nhà trai,TINHHO-03929.jpg
Tiệc nhà trai,TINHHO-03931.jpg
Tiệc nhà trai,TINHHO-03934.jpg
Tiệc nhà trai,TINHHO-03940.jpg
Tiệc nhà trai,TINHHO-03943.jpg
Tiệc nhà trai,TINHHO-03953.jpg
Tiệc nhà trai,TINHHO-03959.jpg
Tiệc nhà trai,TINHHO-03960.jpg
Tiệc nhà trai,TINHHO-03972.jpg
Tiệc nhà trai,TINHHO-03981.jpg
Tiệc nhà trai,TINHHO-03982.jpg
Tiệc nhà trai,TINHHO-03986.jpg
Tiệc nhà trai,TINHHO-03991.jpg
Tiệc nhà trai,TINHHO-03997.jpg
Tiệc nhà trai,TINHHO-03999.jpg
Tiệc nhà trai,TINHHO-04002.jpg
Tiệc nhà trai,TINHHO-04004.jpg
Tiệc nhà trai,TINHHO-04006.jpg
Tiệc nhà trai,TINHHO-04009.jpg
Tiệc nhà trai,TINHHO-04011.jpg
Tiệc nhà trai,TINHHO-04017.jpg
Tiệc nhà trai,TINHHO-04018.jpg
Tiệc nhà trai,TINHHO-04025.jpg
Tiệc nhà trai,TINHHO-04029.jpg
Tiệc nhà trai,TINHHO-04032.jpg
Tiệc nhà trai,TINHHO-04039.jpg
Tiệc nhà trai,TINHHO-04042.jpg
Tiệc nhà trai,TINHHO-04045.jpg
Tiệc nhà trai,TINHHO-04047.jpg
Tiệc nhà trai,TINHHO-04049.jpg
Tiệc nhà trai,TINHHO-04051.jpg